,model,roc_auc,accuracy,f1_score
0,Logistic Regression,0.885261,0.821739,0.845283
1,Random Forest,0.897233,0.826087,0.847328
2,Support Vector Machines,0.884017,0.817391,0.846715
3,Gradient Boosting,0.88841,0.813043,0.832685
4,XGB,0.8766324626865671,0.8347826086956521,0.8582089552238806
